,Image_Path,Target
0,FLAT/20220427_120551.jpg,0
1,FLAT/20220427_120618.jpg,0
2,FLAT/20220428_213842.jpg,0
3,FLAT/20220428_213858.jpg,0
4,FLAT/20220430_172959.jpg,0
5,FLAT/20220430_173012.jpg,0
6,FLAT/20220503_181026.jpg,0
7,FLAT/20220503_181032.jpg,0
8,FLAT/20220511_152034.jpg,0
9,FLAT/20220511_152042.jpg,0
10,FLAT/20220519_144058.jpg,0
11,FLAT/20220525_165626.jpg,0
12,FLAT/20220525_165646.jpg,0
13,FLAT/20220605_125729.jpg,0
14,FLAT/20220605_125745.jpg,0
15,FLAT/20220620_195403.jpg,0
16,FLAT/20220620_195408.jpg,0
17,FLAT/20220621_103058.jpg,0
18,FLAT/20220621_103110.jpg,0
19,FLAT/20220621_144230.jpg,0
20,FLAT/20220621_144240.jpg,0
21,FLAT/20220628_154427.jpg,0
22,FLAT/20220628_154525.jpg,0
23,FLAT/20220725_191325.jpg,0
24,FLAT/20220725_191347.jpg,0
25,FLAT/20220731_154748.jpg,0
26,FLAT/20220731_154811.jpg,0
27,FLAT/20220809_094407.jpg,0
28,FLAT/20220809_094418.jpg,0
29,FLAT/20220823_093502.jpg,0
30,FLAT/20220823_093509.jpg,0
31,FLAT/20220908_121502.jpg,0
32,FLAT/20220908_121508.jpg,0
33,FLAT/20221002_142751.jpg,0
34,FLAT/20221002_142802.jpg,0
35,FLAT/20221012_160431.jpg,0
36,FLAT/20221012_160510.jpg,0
37,FLAT/20230102_235308.jpg,0
38,FLAT/20230102_235317.jpg,0
39,FLAT/20230103_212841.jpg,0
40,FLAT/20230103_212855.jpg,0
41,FLAT/aug0.jpg,0
42,FLAT/aug1.jpg,0
43,FLAT/aug10.jpg,0
44,FLAT/aug100.jpg,0
45,FLAT/aug101.jpg,0
46,FLAT/aug102.jpg,0
47,FLAT/aug103.jpg,0
48,FLAT/aug104.jpg,0
49,FLAT/aug105.jpg,0
50,FLAT/aug106.jpg,0
51,FLAT/aug107.jpg,0
52,FLAT/aug108.jpg,0
53,FLAT/aug109.jpg,0
54,FLAT/aug11.jpg,0
55,FLAT/aug110.jpg,0
56,FLAT/aug111.jpg,0
57,FLAT/aug112.jpg,0
58,FLAT/aug113.jpg,0
59,FLAT/aug114.jpg,0
60,FLAT/aug115.jpg,0
61,FLAT/aug116.jpg,0
62,FLAT/aug117.jpg,0
63,FLAT/aug118.jpg,0
64,FLAT/aug119.jpg,0
65,FLAT/aug12.jpg,0
66,FLAT/aug120.jpg,0
67,FLAT/aug121.jpg,0
68,FLAT/aug122.jpg,0
69,FLAT/aug123.jpg,0
70,FLAT/aug124.jpg,0
71,FLAT/aug125.jpg,0
72,FLAT/aug126.jpg,0
73,FLAT/aug127.jpg,0
74,FLAT/aug128.jpg,0
75,FLAT/aug129.jpg,0
76,FLAT/aug13.jpg,0
77,FLAT/aug130.jpg,0
78,FLAT/aug131.jpg,0
79,FLAT/aug132.jpg,0
80,FLAT/aug133.jpg,0
81,FLAT/aug134.jpg,0
82,FLAT/aug135.jpg,0
83,FLAT/aug136.jpg,0
84,FLAT/aug137.jpg,0
85,FLAT/aug138.jpg,0
86,FLAT/aug139.jpg,0
87,FLAT/aug14.jpg,0
88,FLAT/aug140.jpg,0
89,FLAT/aug141.jpg,0
90,FLAT/aug142.jpg,0
91,FLAT/aug143.jpg,0
92,FLAT/aug144.jpg,0
93,FLAT/aug145.jpg,0
94,FLAT/aug146.jpg,0
95,FLAT/aug147.jpg,0
96,FLAT/aug148.jpg,0
97,FLAT/aug149.jpg,0
98,FLAT/aug15.jpg,0
99,FLAT/aug150.jpg,0
100,FLAT/aug151.jpg,0
101,FLAT/aug152.jpg,0
102,FLAT/aug153.jpg,0
103,FLAT/aug154.jpg,0
104,FLAT/aug155.jpg,0
105,FLAT/aug156.jpg,0
106,FLAT/aug157.jpg,0
107,FLAT/aug158.jpg,0
108,FLAT/aug159.jpg,0
109,FLAT/aug16.jpg,0
110,FLAT/aug160.jpg,0
111,FLAT/aug161.jpg,0
112,FLAT/aug162.jpg,0
113,FLAT/aug163.jpg,0
114,FLAT/aug164.jpg,0
115,FLAT/aug165.jpg,0
116,FLAT/aug166.jpg,0
117,FLAT/aug167.jpg,0
118,FLAT/aug168.jpg,0
119,FLAT/aug169.jpg,0
120,FLAT/aug17.jpg,0
121,FLAT/aug170.jpg,0
122,FLAT/aug171.jpg,0
123,FLAT/aug172.jpg,0
124,FLAT/aug173.jpg,0
125,FLAT/aug174.jpg,0
126,FLAT/aug175.jpg,0
127,FLAT/aug176.jpg,0
128,FLAT/aug177.jpg,0
129,FLAT/aug178.jpg,0
130,FLAT/aug179.jpg,0
131,FLAT/aug18.jpg,0
132,FLAT/aug180.jpg,0
133,FLAT/aug181.jpg,0
134,FLAT/aug182.jpg,0
135,FLAT/aug183.jpg,0
136,FLAT/aug184.jpg,0
137,FLAT/aug185.jpg,0
138,FLAT/aug186.jpg,0
139,FLAT/aug187.jpg,0
140,FLAT/aug188.jpg,0
141,FLAT/aug189.jpg,0
142,FLAT/aug19.jpg,0
143,FLAT/aug190.jpg,0
144,FLAT/aug191.jpg,0
145,FLAT/aug192.jpg,0
146,FLAT/aug193.jpg,0
147,FLAT/aug194.jpg,0
148,FLAT/aug195.jpg,0
149,FLAT/aug196.jpg,0
150,FLAT/aug197.jpg,0
151,FLAT/aug198.jpg,0
152,FLAT/aug199.jpg,0
153,FLAT/aug2.jpg,0
154,FLAT/aug20.jpg,0
155,FLAT/aug200.jpg,0
156,FLAT/aug201.jpg,0
157,FLAT/aug202.jpg,0
158,FLAT/aug203.jpg,0
159,FLAT/aug204.jpg,0
160,FLAT/aug205.jpg,0
161,FLAT/aug206.jpg,0
162,FLAT/aug207.jpg,0
163,FLAT/aug208.jpg,0
164,FLAT/aug209.jpg,0
165,FLAT/aug21.jpg,0
166,FLAT/aug210.jpg,0
167,FLAT/aug211.jpg,0
168,FLAT/aug212.jpg,0
169,FLAT/aug213.jpg,0
170,FLAT/aug214.jpg,0
171,FLAT/aug215.jpg,0
172,FLAT/aug216.jpg,0
173,FLAT/aug217.jpg,0
174,FLAT/aug218.jpg,0
175,FLAT/aug219.jpg,0
176,FLAT/aug22.jpg,0
177,FLAT/aug220.jpg,0
178,FLAT/aug221.jpg,0
179,FLAT/aug222.jpg,0
180,FLAT/aug223.jpg,0
181,FLAT/aug224.jpg,0
182,FLAT/aug225.jpg,0
183,FLAT/aug226.jpg,0
184,FLAT/aug227.jpg,0
185,FLAT/aug228.jpg,0
186,FLAT/aug229.jpg,0
187,FLAT/aug23.jpg,0
188,FLAT/aug230.jpg,0
189,FLAT/aug231.jpg,0
190,FLAT/aug232.jpg,0
191,FLAT/aug233.jpg,0
192,FLAT/aug234.jpg,0
193,FLAT/aug235.jpg,0
194,FLAT/aug236.jpg,0
195,FLAT/aug237.jpg,0
196,FLAT/aug238.jpg,0
197,FLAT/aug239.jpg,0
198,FLAT/aug24.jpg,0
199,FLAT/aug240.jpg,0
200,FLAT/aug241.jpg,0
201,FLAT/aug242.jpg,0
202,FLAT/aug243.jpg,0
203,FLAT/aug244.jpg,0
204,FLAT/aug245.jpg,0
205,FLAT/aug246.jpg,0
206,FLAT/aug247.jpg,0
207,FLAT/aug248.jpg,0
208,FLAT/aug249.jpg,0
209,FLAT/aug25.jpg,0
210,FLAT/aug250.jpg,0
211,FLAT/aug251.jpg,0
212,FLAT/aug252.jpg,0
213,FLAT/aug253.jpg,0
214,FLAT/aug254.jpg,0
215,FLAT/aug255.jpg,0
216,FLAT/aug256.jpg,0
217,FLAT/aug257.jpg,0
218,FLAT/aug258.jpg,0
219,FLAT/aug259.jpg,0
220,FLAT/aug26.jpg,0
221,FLAT/aug260.jpg,0
222,FLAT/aug261.jpg,0
223,FLAT/aug262.jpg,0
224,FLAT/aug263.jpg,0
225,FLAT/aug264.jpg,0
226,FLAT/aug265.jpg,0
227,FLAT/aug266.jpg,0
228,FLAT/aug267.jpg,0
229,FLAT/aug268.jpg,0
230,FLAT/aug269.jpg,0
231,FLAT/aug27.jpg,0
232,FLAT/aug270.jpg,0
233,FLAT/aug271.jpg,0
234,FLAT/aug272.jpg,0
235,FLAT/aug273.jpg,0
236,FLAT/aug274.jpg,0
237,FLAT/aug275.jpg,0
238,FLAT/aug276.jpg,0
239,FLAT/aug277.jpg,0
240,FLAT/aug278.jpg,0
241,FLAT/aug279.jpg,0
242,FLAT/aug28.jpg,0
243,FLAT/aug280.jpg,0
244,FLAT/aug281.jpg,0
245,FLAT/aug282.jpg,0
246,FLAT/aug283.jpg,0
247,FLAT/aug284.jpg,0
248,FLAT/aug285.jpg,0
249,FLAT/aug286.jpg,0
250,FLAT/aug287.jpg,0
251,FLAT/aug288.jpg,0
252,FLAT/aug289.jpg,0
253,FLAT/aug29.jpg,0
254,FLAT/aug290.jpg,0
255,FLAT/aug291.jpg,0
256,FLAT/aug292.jpg,0
257,FLAT/aug293.jpg,0
258,FLAT/aug294.jpg,0
259,FLAT/aug295.jpg,0
260,FLAT/aug296.jpg,0
261,FLAT/aug297.jpg,0
262,FLAT/aug298.jpg,0
263,FLAT/aug299.jpg,0
264,FLAT/aug3.jpg,0
265,FLAT/aug30.jpg,0
266,FLAT/aug300.jpg,0
267,FLAT/aug301.jpg,0
268,FLAT/aug302.jpg,0
269,FLAT/aug303.jpg,0
270,FLAT/aug304.jpg,0
271,FLAT/aug305.jpg,0
272,FLAT/aug306.jpg,0
273,FLAT/aug307.jpg,0
274,FLAT/aug308.jpg,0
275,FLAT/aug309.jpg,0
276,FLAT/aug31.jpg,0
277,FLAT/aug310.jpg,0
278,FLAT/aug311.jpg,0
279,FLAT/aug312.jpg,0
280,FLAT/aug313.jpg,0
281,FLAT/aug314.jpg,0
282,FLAT/aug315.jpg,0
283,FLAT/aug316.jpg,0
284,FLAT/aug317.jpg,0
285,FLAT/aug318.jpg,0
286,FLAT/aug319.jpg,0
287,FLAT/aug32.jpg,0
288,FLAT/aug320.jpg,0
289,FLAT/aug321.jpg,0
290,FLAT/aug322.jpg,0
291,FLAT/aug323.jpg,0
292,FLAT/aug324.jpg,0
293,FLAT/aug325.jpg,0
294,FLAT/aug326.jpg,0
295,FLAT/aug327.jpg,0
296,FLAT/aug328.jpg,0
297,FLAT/aug329.jpg,0
298,FLAT/aug33.jpg,0
299,FLAT/aug330.jpg,0
300,FLAT/aug331.jpg,0
301,FLAT/aug332.jpg,0
302,FLAT/aug333.jpg,0
303,FLAT/aug334.jpg,0
304,FLAT/aug335.jpg,0
305,FLAT/aug336.jpg,0
306,FLAT/aug337.jpg,0
307,FLAT/aug338.jpg,0
308,FLAT/aug339.jpg,0
309,FLAT/aug34.jpg,0
310,FLAT/aug340.jpg,0
311,FLAT/aug341.jpg,0
312,FLAT/aug342.jpg,0
313,FLAT/aug343.jpg,0
314,FLAT/aug344.jpg,0
315,FLAT/aug345.jpg,0
316,FLAT/aug346.jpg,0
317,FLAT/aug347.jpg,0
318,FLAT/aug348.jpg,0
319,FLAT/aug349.jpg,0
320,FLAT/aug35.jpg,0
321,FLAT/aug350.jpg,0
322,FLAT/aug351.jpg,0
323,FLAT/aug352.jpg,0
324,FLAT/aug353.jpg,0
325,FLAT/aug354.jpg,0
326,FLAT/aug355.jpg,0
327,FLAT/aug356.jpg,0
328,FLAT/aug357.jpg,0
329,FLAT/aug358.jpg,0
330,FLAT/aug359.jpg,0
331,FLAT/aug36.jpg,0
332,FLAT/aug360.jpg,0
333,FLAT/aug361.jpg,0
334,FLAT/aug362.jpg,0
335,FLAT/aug363.jpg,0
336,FLAT/aug364.jpg,0
337,FLAT/aug365.jpg,0
338,FLAT/aug366.jpg,0
339,FLAT/aug367.jpg,0
340,FLAT/aug368.jpg,0
341,FLAT/aug369.jpg,0
342,FLAT/aug37.jpg,0
343,FLAT/aug370.jpg,0
344,FLAT/aug371.jpg,0
345,FLAT/aug372.jpg,0
346,FLAT/aug373.jpg,0
347,FLAT/aug374.jpg,0
348,FLAT/aug375.jpg,0
349,FLAT/aug376.jpg,0
350,FLAT/aug377.jpg,0
351,FLAT/aug378.jpg,0
352,FLAT/aug379.jpg,0
353,FLAT/aug38.jpg,0
354,FLAT/aug380.jpg,0
355,FLAT/aug381.jpg,0
356,FLAT/aug382.jpg,0
357,FLAT/aug383.jpg,0
358,FLAT/aug384.jpg,0
359,FLAT/aug385.jpg,0
360,FLAT/aug386.jpg,0
361,FLAT/aug387.jpg,0
362,FLAT/aug388.jpg,0
363,FLAT/aug389.jpg,0
364,FLAT/aug39.jpg,0
365,FLAT/aug390.jpg,0
366,FLAT/aug391.jpg,0
367,FLAT/aug392.jpg,0
368,FLAT/aug393.jpg,0
369,FLAT/aug394.jpg,0
370,FLAT/aug395.jpg,0
371,FLAT/aug396.jpg,0
372,FLAT/aug397.jpg,0
373,FLAT/aug398.jpg,0
374,FLAT/aug399.jpg,0
375,FLAT/aug4.jpg,0
376,FLAT/aug40.jpg,0
377,FLAT/aug400.jpg,0
378,FLAT/aug401.jpg,0
379,FLAT/aug402.jpg,0
380,FLAT/aug403.jpg,0
381,FLAT/aug404.jpg,0
382,FLAT/aug405.jpg,0
383,FLAT/aug406.jpg,0
384,FLAT/aug407.jpg,0
385,FLAT/aug408.jpg,0
386,FLAT/aug409.jpg,0
387,FLAT/aug41.jpg,0
388,FLAT/aug410.jpg,0
389,FLAT/aug411.jpg,0
390,FLAT/aug412.jpg,0
391,FLAT/aug413.jpg,0
392,FLAT/aug414.jpg,0
393,FLAT/aug415.jpg,0
394,FLAT/aug416.jpg,0
395,FLAT/aug417.jpg,0
396,FLAT/aug418.jpg,0
397,FLAT/aug419.jpg,0
398,FLAT/aug42.jpg,0
399,FLAT/aug420.jpg,0
400,FLAT/aug421.jpg,0
401,FLAT/aug422.jpg,0
402,FLAT/aug423.jpg,0
403,FLAT/aug424.jpg,0
404,FLAT/aug425.jpg,0
405,FLAT/aug426.jpg,0
406,FLAT/aug427.jpg,0
407,FLAT/aug428.jpg,0
408,FLAT/aug429.jpg,0
409,FLAT/aug43.jpg,0
410,FLAT/aug430.jpg,0
411,FLAT/aug431.jpg,0
412,FLAT/aug432.jpg,0
413,FLAT/aug433.jpg,0
414,FLAT/aug434.jpg,0
415,FLAT/aug435.jpg,0
416,FLAT/aug436.jpg,0
417,FLAT/aug437.jpg,0
418,FLAT/aug438.jpg,0
419,FLAT/aug439.jpg,0
420,FLAT/aug44.jpg,0
421,FLAT/aug440.jpg,0
422,FLAT/aug441.jpg,0
423,FLAT/aug442.jpg,0
424,FLAT/aug443.jpg,0
425,FLAT/aug444.jpg,0
426,FLAT/aug445.jpg,0
427,FLAT/aug446.jpg,0
428,FLAT/aug447.jpg,0
429,FLAT/aug448.jpg,0
430,FLAT/aug449.jpg,0
431,FLAT/aug45.jpg,0
432,FLAT/aug450.jpg,0
433,FLAT/aug451.jpg,0
434,FLAT/aug452.jpg,0
435,FLAT/aug453.jpg,0
436,FLAT/aug454.jpg,0
437,FLAT/aug455.jpg,0
438,FLAT/aug456.jpg,0
439,FLAT/aug457.jpg,0
440,FLAT/aug458.jpg,0
441,FLAT/aug459.jpg,0
442,FLAT/aug46.jpg,0
443,FLAT/aug460.jpg,0
444,FLAT/aug461.jpg,0
445,FLAT/aug462.jpg,0
446,FLAT/aug463.jpg,0
447,FLAT/aug464.jpg,0
448,FLAT/aug465.jpg,0
449,FLAT/aug466.jpg,0
450,FLAT/aug467.jpg,0
451,FLAT/aug468.jpg,0
452,FLAT/aug469.jpg,0
453,FLAT/aug47.jpg,0
454,FLAT/aug470.jpg,0
455,FLAT/aug471.jpg,0
456,FLAT/aug472.jpg,0
457,FLAT/aug473.jpg,0
458,FLAT/aug474.jpg,0
459,FLAT/aug475.jpg,0
460,FLAT/aug476.jpg,0
461,FLAT/aug477.jpg,0
462,FLAT/aug478.jpg,0
463,FLAT/aug479.jpg,0
464,FLAT/aug48.jpg,0
465,FLAT/aug480.jpg,0
466,FLAT/aug481.jpg,0
467,FLAT/aug482.jpg,0
468,FLAT/aug483.jpg,0
469,FLAT/aug484.jpg,0
470,FLAT/aug485.jpg,0
471,FLAT/aug486.jpg,0
472,FLAT/aug487.jpg,0
473,FLAT/aug488.jpg,0
474,FLAT/aug489.jpg,0
475,FLAT/aug49.jpg,0
476,FLAT/aug490.jpg,0
477,FLAT/aug491.jpg,0
478,FLAT/aug492.jpg,0
479,FLAT/aug493.jpg,0
480,FLAT/aug494.jpg,0
481,FLAT/aug495.jpg,0
482,FLAT/aug496.jpg,0
483,FLAT/aug497.jpg,0
484,FLAT/aug498.jpg,0
485,FLAT/aug499.jpg,0
486,FLAT/aug5.jpg,0
487,FLAT/aug50.jpg,0
488,FLAT/aug500.jpg,0
489,FLAT/aug501.jpg,0
490,FLAT/aug502.jpg,0
491,FLAT/aug503.jpg,0
492,FLAT/aug504.jpg,0
493,FLAT/aug505.jpg,0
494,FLAT/aug506.jpg,0
495,FLAT/aug507.jpg,0
496,FLAT/aug508.jpg,0
497,FLAT/aug509.jpg,0
498,FLAT/aug51.jpg,0
499,FLAT/aug510.jpg,0
500,FLAT/aug511.jpg,0
501,FLAT/aug512.jpg,0
502,FLAT/aug513.jpg,0
503,FLAT/aug514.jpg,0
504,FLAT/aug515.jpg,0
505,FLAT/aug516.jpg,0
506,FLAT/aug517.jpg,0
507,FLAT/aug518.jpg,0
508,FLAT/aug519.jpg,0
509,FLAT/aug52.jpg,0
510,FLAT/aug520.jpg,0
511,FLAT/aug521.jpg,0
512,FLAT/aug522.jpg,0
513,FLAT/aug523.jpg,0
514,FLAT/aug524.jpg,0
515,FLAT/aug525.jpg,0
516,FLAT/aug526.jpg,0
517,FLAT/aug527.jpg,0
518,FLAT/aug528.jpg,0
519,FLAT/aug529.jpg,0
520,FLAT/aug53.jpg,0
521,FLAT/aug530.jpg,0
522,FLAT/aug531.jpg,0
523,FLAT/aug532.jpg,0
524,FLAT/aug533.jpg,0
525,FLAT/aug534.jpg,0
526,FLAT/aug535.jpg,0
527,FLAT/aug536.jpg,0
528,FLAT/aug537.jpg,0
529,FLAT/aug538.jpg,0
530,FLAT/aug539.jpg,0
531,FLAT/aug54.jpg,0
532,FLAT/aug540.jpg,0
533,FLAT/aug541.jpg,0
534,FLAT/aug542.jpg,0
535,FLAT/aug543.jpg,0
536,FLAT/aug544.jpg,0
537,FLAT/aug545.jpg,0
538,FLAT/aug546.jpg,0
539,FLAT/aug547.jpg,0
540,FLAT/aug548.jpg,0
541,FLAT/aug549.jpg,0
542,FLAT/aug55.jpg,0
543,FLAT/aug550.jpg,0
544,FLAT/aug551.jpg,0
545,FLAT/aug552.jpg,0
546,FLAT/aug553.jpg,0
547,FLAT/aug554.jpg,0
548,FLAT/aug555.jpg,0
549,FLAT/aug556.jpg,0
550,FLAT/aug557.jpg,0
551,FLAT/aug558.jpg,0
552,FLAT/aug559.jpg,0
553,FLAT/aug56.jpg,0
554,FLAT/aug560.jpg,0
555,FLAT/aug561.jpg,0
556,FLAT/aug562.jpg,0
557,FLAT/aug563.jpg,0
558,FLAT/aug564.jpg,0
559,FLAT/aug565.jpg,0
560,FLAT/aug566.jpg,0
561,FLAT/aug567.jpg,0
562,FLAT/aug568.jpg,0
563,FLAT/aug569.jpg,0
564,FLAT/aug57.jpg,0
565,FLAT/aug570.jpg,0
566,FLAT/aug571.jpg,0
567,FLAT/aug572.jpg,0
568,FLAT/aug573.jpg,0
569,FLAT/aug574.jpg,0
570,FLAT/aug575.jpg,0
571,FLAT/aug576.jpg,0
572,FLAT/aug577.jpg,0
573,FLAT/aug578.jpg,0
574,FLAT/aug579.jpg,0
575,FLAT/aug58.jpg,0
576,FLAT/aug580.jpg,0
577,FLAT/aug581.jpg,0
578,FLAT/aug582.jpg,0
579,FLAT/aug583.jpg,0
580,FLAT/aug584.jpg,0
581,FLAT/aug585.jpg,0
582,FLAT/aug586.jpg,0
583,FLAT/aug587.jpg,0
584,FLAT/aug588.jpg,0
585,FLAT/aug589.jpg,0
586,FLAT/aug59.jpg,0
587,FLAT/aug590.jpg,0
588,FLAT/aug591.jpg,0
589,FLAT/aug592.jpg,0
590,FLAT/aug593.jpg,0
591,FLAT/aug594.jpg,0
592,FLAT/aug595.jpg,0
593,FLAT/aug596.jpg,0
594,FLAT/aug597.jpg,0
595,FLAT/aug598.jpg,0
596,FLAT/aug599.jpg,0
597,FLAT/aug6.jpg,0
598,FLAT/aug60.jpg,0
599,FLAT/aug600.jpg,0
600,FLAT/aug601.jpg,0
601,FLAT/aug602.jpg,0
602,FLAT/aug603.jpg,0
603,FLAT/aug604.jpg,0
604,FLAT/aug605.jpg,0
605,FLAT/aug606.jpg,0
606,FLAT/aug607.jpg,0
607,FLAT/aug608.jpg,0
608,FLAT/aug609.jpg,0
609,FLAT/aug61.jpg,0
610,FLAT/aug610.jpg,0
611,FLAT/aug611.jpg,0
612,FLAT/aug612.jpg,0
613,FLAT/aug613.jpg,0
614,FLAT/aug614.jpg,0
615,FLAT/aug615.jpg,0
616,FLAT/aug616.jpg,0
617,FLAT/aug617.jpg,0
618,FLAT/aug618.jpg,0
619,FLAT/aug619.jpg,0
620,FLAT/aug62.jpg,0
621,FLAT/aug620.jpg,0
622,FLAT/aug621.jpg,0
623,FLAT/aug622.jpg,0
624,FLAT/aug623.jpg,0
625,FLAT/aug624.jpg,0
626,FLAT/aug625.jpg,0
627,FLAT/aug626.jpg,0
628,FLAT/aug627.jpg,0
629,FLAT/aug628.jpg,0
630,FLAT/aug629.jpg,0
631,FLAT/aug63.jpg,0
632,FLAT/aug630.jpg,0
633,FLAT/aug631.jpg,0
634,FLAT/aug632.jpg,0
635,FLAT/aug633.jpg,0
636,FLAT/aug634.jpg,0
637,FLAT/aug635.jpg,0
638,FLAT/aug636.jpg,0
639,FLAT/aug637.jpg,0
640,FLAT/aug638.jpg,0
641,FLAT/aug639.jpg,0
642,FLAT/aug64.jpg,0
643,FLAT/aug640.jpg,0
644,FLAT/aug641.jpg,0
645,FLAT/aug642.jpg,0
646,FLAT/aug643.jpg,0
647,FLAT/aug644.jpg,0
648,FLAT/aug645.jpg,0
649,FLAT/aug646.jpg,0
650,FLAT/aug647.jpg,0
651,FLAT/aug648.jpg,0
652,FLAT/aug649.jpg,0
653,FLAT/aug65.jpg,0
654,FLAT/aug650.jpg,0
655,FLAT/aug651.jpg,0
656,FLAT/aug652.jpg,0
657,FLAT/aug653.jpg,0
658,FLAT/aug654.jpg,0
659,FLAT/aug655.jpg,0
660,FLAT/aug656.jpg,0
661,FLAT/aug657.jpg,0
662,FLAT/aug658.jpg,0
663,FLAT/aug659.jpg,0
664,FLAT/aug66.jpg,0
665,FLAT/aug660.jpg,0
666,FLAT/aug661.jpg,0
667,FLAT/aug662.jpg,0
668,FLAT/aug663.jpg,0
669,FLAT/aug664.jpg,0
670,FLAT/aug665.jpg,0
671,FLAT/aug666.jpg,0
672,FLAT/aug667.jpg,0
673,FLAT/aug668.jpg,0
674,FLAT/aug669.jpg,0
675,FLAT/aug67.jpg,0
676,FLAT/aug670.jpg,0
677,FLAT/aug671.jpg,0
678,FLAT/aug68.jpg,0
679,FLAT/aug69.jpg,0
680,FLAT/aug7.jpg,0
681,FLAT/aug70.jpg,0
682,FLAT/aug71.jpg,0
683,FLAT/aug72.jpg,0
684,FLAT/aug73.jpg,0
685,FLAT/aug74.jpg,0
686,FLAT/aug75.jpg,0
687,FLAT/aug76.jpg,0
688,FLAT/aug77.jpg,0
689,FLAT/aug78.jpg,0
690,FLAT/aug79.jpg,0
691,FLAT/aug8.jpg,0
692,FLAT/aug80.jpg,0
693,FLAT/aug81.jpg,0
694,FLAT/aug82.jpg,0
695,FLAT/aug83.jpg,0
696,FLAT/aug84.jpg,0
697,FLAT/aug85.jpg,0
698,FLAT/aug86.jpg,0
699,FLAT/aug87.jpg,0
700,FLAT/aug88.jpg,0
701,FLAT/aug89.jpg,0
702,FLAT/aug9.jpg,0
703,FLAT/aug90.jpg,0
704,FLAT/aug91.jpg,0
705,FLAT/aug92.jpg,0
706,FLAT/aug93.jpg,0
707,FLAT/aug94.jpg,0
708,FLAT/aug95.jpg,0
709,FLAT/aug96.jpg,0
710,FLAT/aug97.jpg,0
711,FLAT/aug98.jpg,0
712,FLAT/aug99.jpg,0
713,FLAT/IMG-20220422-WA0009.jpg,0
714,FLAT/IMG-20220422-WA0012.jpg,0
715,FLAT/IMG-20220509-WA0005 (1).jpg,0
716,FLAT/IMG-20220509-WA0005.jpg,0
717,FLAT/IMG-20220509-WA0006 (1).jpg,0
718,FLAT/IMG-20220509-WA0006.jpg,0
719,FLAT/IMG-20220524-WA0024.jpg,0
720,FLAT/IMG-20220524-WA0025.jpg,0
721,FLAT/IMG-20220525-WA0008.jpg,0
722,FLAT/IMG-20220525-WA0009.jpg,0
723,FLAT/IMG-20220528-WA0002.jpg,0
724,FLAT/IMG-20220528-WA0003.jpg,0
725,FLAT/IMG-20220530-WA0038.jpg,0
726,FLAT/IMG-20220530-WA0039.jpg,0
727,FLAT/IMG-20221011-WA0003.jpg,0
728,FLAT/IMG-20221011-WA0004.jpg,0
729,FLAT/IMG-20221013-WA0001.jpg,0
730,FLAT/IMG-20221013-WA0002.jpg,0
731,FLAT/IMG-20221017-WA0001.jpg,0
732,FLAT/IMG-20221017-WA0002.jpg,0
733,FLAT/IMG-20221108-WA0018.jpg,0
734,FLAT/IMG-20221108-WA0019.jpg,0
735,FLAT/IMG-20221128-WA0005.jpg,0
736,FLAT/IMG-20221128-WA0008.jpg,0
737,FLAT/IMG-20221128-WA0015.jpg,0
738,FLAT/IMG-20221128-WA0016.jpg,0
739,FLAT/IMG-20221219-WA0012.jpg,0
740,FLAT/IMG-20221219-WA0013.jpg,0
741,FLAT/IMG-20230304-WA0003.jpg,0
742,FLAT/IMG-20230304-WA0004.jpg,0
743,FLAT/IMG20220425191036 (1).jpg,0
744,FLAT/IMG20220425191036.jpg,0
745,FLAT/IMG20220425191043.jpg,0
746,FLAT/IMG20220516112428.jpg,0
747,FLAT/IMG20220516112440.jpg,0
748,FLAT/IMG20220529215637.jpg,0
749,FLAT/IMG20220529215654.jpg,0
750,FLAT/IMG20220612224226.jpg,0
751,FLAT/IMG20220612224253.jpg,0
752,FLAT/IMG20220614095815.jpg,0
753,FLAT/IMG20220614095828.jpg,0
754,FLAT/IMG20221108142038.jpg,0
755,FLAT/IMG20221108142046.jpg,0
756,FLAT/IMG20221108152545.jpg,0
757,FLAT/IMG20221108152557.jpg,0
758,FLAT/IMG20221130202410.jpg,0
759,FLAT/IMG20221130202430.jpg,0
760,FLAT/IMG20221212221407.jpg,0
761,FLAT/IMG20221212221421.jpg,0
762,FLAT/IMG20230103075010.jpg,0
763,FLAT/IMG20230103075025.jpg,0
764,FLAT/IMG_20220419_225835.jpg,0
765,FLAT/IMG_20220419_225949.jpg,0
766,FLAT/IMG_20220423_190807.jpg,0
767,FLAT/IMG_20220423_190828.jpg,0
768,FLAT/IMG_20220424_113204.jpg,0
769,FLAT/IMG_20220424_113221.jpg,0
770,FLAT/IMG_20220424_232145.jpg,0
771,FLAT/IMG_20220424_232209.jpg,0
772,FLAT/IMG_20220429_162308.jpg,0
773,FLAT/IMG_20220429_162316.jpg,0
774,FLAT/IMG_20220501_101126.jpg,0
775,FLAT/IMG_20220501_101202.jpg,0
776,FLAT/IMG_20220501_102856.jpg,0
777,FLAT/IMG_20220505_100715.jpg,0
778,FLAT/IMG_20220505_100735.jpg,0
779,FLAT/IMG_20220514_165443 (1).jpg,0
780,FLAT/IMG_20220514_165443.jpg,0
781,FLAT/IMG_20220522_084256.jpg,0
782,FLAT/IMG_20220522_084313.jpg,0
783,FLAT/IMG_20220529_123144.jpg,0
784,FLAT/IMG_20220529_123153.jpg,0
785,FLAT/IMG_20220531_220954.jpg,0
786,FLAT/IMG_20220531_221030.jpg,0
787,FLAT/IMG_20220601_140106.jpg,0
788,FLAT/IMG_20220601_140115.jpg,0
789,FLAT/IMG_20220606_083150.jpg,0
790,FLAT/IMG_20220606_083203.jpg,0
791,FLAT/IMG_20220609_100843.jpg,0
792,FLAT/IMG_20220609_100848.jpg,0
793,FLAT/IMG_20220609_163544.jpg,0
794,FLAT/IMG_20220609_163607.jpg,0
795,FLAT/IMG_20220610_164333.jpg,0
796,FLAT/IMG_20220610_164351.jpg,0
797,FLAT/IMG_20220612_212929.jpg,0
798,FLAT/IMG_20220612_212955.jpg,0
799,FLAT/IMG_20220614_140733.jpg,0
800,FLAT/IMG_20220614_140746.jpg,0
801,FLAT/IMG_20220623_172025.jpg,0
802,FLAT/IMG_20220623_172040.jpg,0
803,FLAT/IMG_20220702_162541.jpg,0
804,FLAT/IMG_20220702_162550.jpg,0
805,FLAT/IMG_20220715_224734.jpg,0
806,FLAT/IMG_20220715_224814.jpg,0
807,FLAT/IMG_20220722_164344.jpg,0
808,FLAT/IMG_20220722_164355.jpg,0
809,FLAT/IMG_20220723_094459.jpg,0
810,FLAT/IMG_20220723_094548.jpg,0
811,FLAT/IMG_20220723_212903.jpg,0
812,FLAT/IMG_20220723_212922.jpg,0
813,FLAT/IMG_20220812_110245.jpg,0
814,FLAT/IMG_20220812_110309.jpg,0
815,FLAT/IMG_20220816_190740.jpg,0
816,FLAT/IMG_20220816_190749.jpg,0
817,FLAT/IMG_20220818_125542.jpg,0
818,FLAT/IMG_20220818_125557.jpg,0
819,FLAT/IMG_20220822_160106.jpg,0
820,FLAT/IMG_20220822_160117.jpg,0
821,FLAT/IMG_20220827_172333.jpg,0
822,FLAT/IMG_20220827_172346.jpg,0
823,FLAT/IMG_20220906_184120.jpg,0
824,FLAT/IMG_20220906_184143.jpg,0
825,FLAT/IMG_20220922_161601.jpg,0
826,FLAT/IMG_20220922_161611.jpg,0
827,FLAT/IMG_20220922_190231.jpg,0
828,FLAT/IMG_20220922_190238.jpg,0
829,FLAT/IMG_20220923_161236 (1).jpg,0
830,FLAT/IMG_20220923_161236.jpg,0
831,FLAT/IMG_20220923_161243 (1).jpg,0
832,FLAT/IMG_20220923_161243.jpg,0
833,FLAT/IMG_20220930_125254.jpg,0
834,FLAT/IMG_20220930_125306.jpg,0
835,FLAT/IMG_20221006_174021.jpg,0
836,FLAT/IMG_20221006_174038.jpg,0
837,FLAT/IMG_20221011_162319.jpg,0
838,FLAT/IMG_20221011_162330 (1).jpg,0
839,FLAT/IMG_20221011_162330.jpg,0
840,FLAT/IMG_20221013_122545.jpg,0
841,FLAT/IMG_20221013_122555.jpg,0
842,FLAT/IMG_20221017_204846.jpg,0
843,FLAT/IMG_20221017_204921.jpg,0
844,FLAT/IMG_20221018_225147.jpg,0
845,FLAT/IMG_20221018_225205.jpg,0
846,FLAT/IMG_20221118_191136.jpg,0
847,FLAT/IMG_20221118_191141.jpg,0
848,FLAT/IMG_20221124_150402 (1).jpg,0
849,FLAT/IMG_20221124_150423.jpg,0
850,FLAT/IMG_20221125_204447.jpg,0
851,FLAT/IMG_20221125_204455.jpg,0
852,FLAT/IMG_20221213_164434.jpg,0
853,FLAT/IMG_20221213_164519.jpg,0
854,FLAT/IMG_20230107_203100.jpg,0
855,FLAT/IMG_20230107_203117.jpg,0
856,FLAT/IMG_20230110_201149.jpg,0
857,FLAT/IMG_20230110_201203.jpg,0
858,FLAT/IMG_20230112_141618.jpg,0
859,FLAT/IMG_20230112_141633.jpg,0
860,FLAT/IMG_20230115_230230.jpg,0
861,FLAT/IMG_20230115_230238.jpg,0
862,FLAT/IMG_20230119_173805.jpg,0
863,FLAT/IMG_20230119_173824.jpg,0
864,FLAT/IMG_20230121_153031.jpg,0
865,FLAT/IMG_20230121_153042.jpg,0
866,FLAT/IMG_20230121_175517.jpg,0
867,FLAT/IMG_20230121_175527.jpg,0
868,FLAT/IMG_20230124_165658.jpg,0
869,FLAT/IMG_20230124_165716.jpg,0
870,FLAT/IMG_20230207_174504.jpg,0
871,FLAT/IMG_20230207_174520.jpg,0
872,FLAT/IMG_20230216_170229.jpg,0
873,FLAT/IMG_20230216_170249.jpg,0
874,FLAT/IMG_20230228_192026.jpg,0
875,FLAT/IMG_20230228_192039.jpg,0
876,FLAT/IMG_20230308_201057.jpg,0
877,FLAT/IMG_20230308_201108.jpg,0
878,FLAT/IMG_20230309_145515 (1).jpg,0
879,FLAT/IMG_20230309_145515.jpg,0
880,FLAT/IMG_20230310_190737.jpg,0
881,FLAT/IMG_20230310_190749.jpg,0
882,FLAT/IMG_20230312_212317.jpg,0
883,FLAT/IMG_20230312_212332.jpg,0
884,FLAT/IMG_20230313_141006.jpg,0
885,FLAT/IMG_20230313_141030.jpg,0
886,FLAT/IMG_20230314_125517.jpg,0
887,FLAT/IMG_20230314_125525.jpg,0
888,FLAT/IMG_20230315_140804.jpg,0
889,FLAT/IMG_20230315_140814.jpg,0
890,FLAT/IMG_20230316_162648.jpg,0
891,FLAT/IMG_20230316_162656.jpg,0
892,FLAT/IMG_20230317_173747.jpg,0
893,FLAT/IMG_20230317_173759.jpg,0
894,FLAT/IMG_20230323_093740050_2.jpg,0
895,FLAT/IMG_20230323_093751096_2.jpg,0
896,NORMAL/20220725_191325.jpg,1
897,NORMAL/20220725_191347.jpg,1
898,NORMAL/20221127_110342.jpg,1
899,NORMAL/20221127_110400.jpg,1
900,NORMAL/aug0.jpg,1
901,NORMAL/aug1.jpg,1
902,NORMAL/aug10.jpg,1
903,NORMAL/aug100.jpg,1
904,NORMAL/aug101.jpg,1
905,NORMAL/aug102.jpg,1
906,NORMAL/aug103.jpg,1
907,NORMAL/aug104.jpg,1
908,NORMAL/aug105.jpg,1
909,NORMAL/aug106.jpg,1
910,NORMAL/aug107.jpg,1
911,NORMAL/aug108.jpg,1
912,NORMAL/aug109.jpg,1
913,NORMAL/aug11.jpg,1
914,NORMAL/aug110.jpg,1
915,NORMAL/aug111.jpg,1
916,NORMAL/aug112.jpg,1
917,NORMAL/aug113.jpg,1
918,NORMAL/aug114.jpg,1
919,NORMAL/aug115.jpg,1
920,NORMAL/aug116.jpg,1
921,NORMAL/aug117.jpg,1
922,NORMAL/aug118.jpg,1
923,NORMAL/aug119.jpg,1
924,NORMAL/aug12.jpg,1
925,NORMAL/aug120.jpg,1
926,NORMAL/aug121.jpg,1
927,NORMAL/aug122.jpg,1
928,NORMAL/aug123.jpg,1
929,NORMAL/aug124.jpg,1
930,NORMAL/aug125.jpg,1
931,NORMAL/aug126.jpg,1
932,NORMAL/aug127.jpg,1
933,NORMAL/aug128.jpg,1
934,NORMAL/aug129.jpg,1
935,NORMAL/aug13.jpg,1
936,NORMAL/aug130.jpg,1
937,NORMAL/aug131.jpg,1
938,NORMAL/aug132.jpg,1
939,NORMAL/aug133.jpg,1
940,NORMAL/aug134.jpg,1
941,NORMAL/aug135.jpg,1
942,NORMAL/aug136.jpg,1
943,NORMAL/aug137.jpg,1
944,NORMAL/aug138.jpg,1
945,NORMAL/aug139.jpg,1
946,NORMAL/aug14.jpg,1
947,NORMAL/aug140.jpg,1
948,NORMAL/aug141.jpg,1
949,NORMAL/aug142.jpg,1
950,NORMAL/aug143.jpg,1
951,NORMAL/aug144.jpg,1
952,NORMAL/aug145.jpg,1
953,NORMAL/aug146.jpg,1
954,NORMAL/aug147.jpg,1
955,NORMAL/aug148.jpg,1
956,NORMAL/aug149.jpg,1
957,NORMAL/aug15.jpg,1
958,NORMAL/aug150.jpg,1
959,NORMAL/aug151.jpg,1
960,NORMAL/aug152.jpg,1
961,NORMAL/aug153.jpg,1
962,NORMAL/aug154.jpg,1
963,NORMAL/aug155.jpg,1
964,NORMAL/aug16.jpg,1
965,NORMAL/aug17.jpg,1
966,NORMAL/aug18.jpg,1
967,NORMAL/aug19.jpg,1
968,NORMAL/aug2.jpg,1
969,NORMAL/aug20.jpg,1
970,NORMAL/aug21.jpg,1
971,NORMAL/aug22.jpg,1
972,NORMAL/aug23.jpg,1
973,NORMAL/aug24.jpg,1
974,NORMAL/aug25.jpg,1
975,NORMAL/aug26.jpg,1
976,NORMAL/aug27.jpg,1
977,NORMAL/aug28.jpg,1
978,NORMAL/aug29.jpg,1
979,NORMAL/aug3.jpg,1
980,NORMAL/aug30.jpg,1
981,NORMAL/aug31.jpg,1
982,NORMAL/aug32.jpg,1
983,NORMAL/aug33.jpg,1
984,NORMAL/aug34.jpg,1
985,NORMAL/aug35.jpg,1
986,NORMAL/aug36.jpg,1
987,NORMAL/aug37.jpg,1
988,NORMAL/aug38.jpg,1
989,NORMAL/aug39.jpg,1
990,NORMAL/aug4.jpg,1
991,NORMAL/aug40.jpg,1
992,NORMAL/aug41.jpg,1
993,NORMAL/aug42.jpg,1
994,NORMAL/aug43.jpg,1
995,NORMAL/aug44.jpg,1
996,NORMAL/aug45.jpg,1
997,NORMAL/aug46.jpg,1
998,NORMAL/aug47.jpg,1
999,NORMAL/aug48.jpg,1
1000,NORMAL/aug49.jpg,1
1001,NORMAL/aug5.jpg,1
1002,NORMAL/aug50.jpg,1
1003,NORMAL/aug51.jpg,1
1004,NORMAL/aug52.jpg,1
1005,NORMAL/aug53.jpg,1
1006,NORMAL/aug54.jpg,1
1007,NORMAL/aug55.jpg,1
1008,NORMAL/aug56.jpg,1
1009,NORMAL/aug57.jpg,1
1010,NORMAL/aug58.jpg,1
1011,NORMAL/aug59.jpg,1
1012,NORMAL/aug6.jpg,1
1013,NORMAL/aug60.jpg,1
1014,NORMAL/aug61.jpg,1
1015,NORMAL/aug62.jpg,1
1016,NORMAL/aug63.jpg,1
1017,NORMAL/aug64.jpg,1
1018,NORMAL/aug65.jpg,1
1019,NORMAL/aug66.jpg,1
1020,NORMAL/aug67.jpg,1
1021,NORMAL/aug68.jpg,1
1022,NORMAL/aug69.jpg,1
1023,NORMAL/aug7.jpg,1
1024,NORMAL/aug70.jpg,1
1025,NORMAL/aug71.jpg,1
1026,NORMAL/aug72.jpg,1
1027,NORMAL/aug73.jpg,1
1028,NORMAL/aug74.jpg,1
1029,NORMAL/aug75.jpg,1
1030,NORMAL/aug76.jpg,1
1031,NORMAL/aug77.jpg,1
1032,NORMAL/aug78.jpg,1
1033,NORMAL/aug79.jpg,1
1034,NORMAL/aug8.jpg,1
1035,NORMAL/aug80.jpg,1
1036,NORMAL/aug81.jpg,1
1037,NORMAL/aug82.jpg,1
1038,NORMAL/aug83.jpg,1
1039,NORMAL/aug84.jpg,1
1040,NORMAL/aug85.jpg,1
1041,NORMAL/aug86.jpg,1
1042,NORMAL/aug87.jpg,1
1043,NORMAL/aug88.jpg,1
1044,NORMAL/aug89.jpg,1
1045,NORMAL/aug9.jpg,1
1046,NORMAL/aug90.jpg,1
1047,NORMAL/aug91.jpg,1
1048,NORMAL/aug92.jpg,1
1049,NORMAL/aug93.jpg,1
1050,NORMAL/aug94.jpg,1
1051,NORMAL/aug95.jpg,1
1052,NORMAL/aug96.jpg,1
1053,NORMAL/aug97.jpg,1
1054,NORMAL/aug98.jpg,1
1055,NORMAL/aug99.jpg,1
1056,NORMAL/IMG-20220528-WA0002.jpg,1
1057,NORMAL/IMG-20220528-WA0003.jpg,1
1058,NORMAL/IMG-20221124-WA0007.jpg,1
1059,NORMAL/IMG-20221124-WA0008.jpg,1
1060,NORMAL/IMG-20221128-WA0002.jpg,1
1061,NORMAL/IMG-20221128-WA0003.jpg,1
1062,NORMAL/IMG20220416143329.jpg,1
1063,NORMAL/IMG20220416143340.jpg,1
1064,NORMAL/IMG20220516233619.jpg,1
1065,NORMAL/IMG20220516233652.jpg,1
1066,NORMAL/IMG_20220420_171144.jpg,1
1067,NORMAL/IMG_20220420_171152.jpg,1
1068,NORMAL/IMG_20220427_165803.jpg,1
1069,NORMAL/IMG_20220427_165810.jpg,1
1070,NORMAL/IMG_20220518_155903.jpg,1
1071,NORMAL/IMG_20220518_155910.jpg,1
1072,NORMAL/IMG_20220528_171824.jpg,1
1073,NORMAL/IMG_20220528_171918.jpg,1
1074,NORMAL/IMG_20220702_113153.jpg,1
1075,NORMAL/IMG_20220702_113205.jpg,1
1076,NORMAL/IMG_20220810_114938.jpg,1
1077,NORMAL/IMG_20220810_114950.jpg,1
1078,NORMAL/IMG_20220827_172333.jpg,1
1079,NORMAL/IMG_20220827_172346.jpg,1
1080,NORMAL/IMG_20220917_153054.jpg,1
1081,NORMAL/IMG_20220917_153111.jpg,1
1082,NORMAL/IMG_20220930_125254.jpg,1
1083,NORMAL/IMG_20220930_125306.jpg,1
1084,NORMAL/IMG_20220930_174300 (1).jpg,1
1085,NORMAL/IMG_20220930_174300.jpg,1
1086,NORMAL/IMG_20221006_202830 (1).jpg,1
1087,NORMAL/IMG_20221006_202830.jpg,1
1088,NORMAL/IMG_20221214_221201.jpg,1
1089,NORMAL/IMG_20221214_221220.jpg,1
1090,NORMAL/IMG_20230104_134801.jpg,1
1091,NORMAL/IMG_20230104_134808.jpg,1
1092,NORMAL/IMG_20230109_160900.jpg,1
1093,NORMAL/IMG_20230109_160914.jpg,1
1094,NORMAL/IMG_20230111_183757.jpg,1
1095,NORMAL/IMG_20230111_183806.jpg,1
1096,NORMAL/IMG_20230116_124345.jpg,1
1097,NORMAL/IMG_20230116_124357 (1).jpg,1
1098,NORMAL/IMG_20230116_124357.jpg,1
1099,NORMAL/IMG_20230116_124420.jpg,1
1100,NORMAL/IMG_20230116_124434.jpg,1
1101,NORMAL/IMG_20230124_124046.jpg,1
1102,NORMAL/IMG_20230204_141821.jpg,1
1103,NORMAL/IMG_20230204_141827.jpg,1
1104,NORMAL/IMG_20230205_143250.jpg,1
1105,NORMAL/IMG_20230205_143301.jpg,1
1106,NORMAL/IMG_20230206_103352.jpg,1
1107,NORMAL/IMG_20230206_103417.jpg,1
1108,NORMAL/IMG_20230311_172610_1.jpg,1
1109,NORMAL/IMG_20230311_172626.jpg,1
1110,HIGH/aug0.jpg,2
1111,HIGH/aug1.jpg,2
1112,HIGH/aug10.jpg,2
1113,HIGH/aug11.jpg,2
1114,HIGH/aug12.jpg,2
1115,HIGH/aug13.jpg,2
1116,HIGH/aug14.jpg,2
1117,HIGH/aug15.jpg,2
1118,HIGH/aug16.jpg,2
1119,HIGH/aug17.jpg,2
1120,HIGH/aug18.jpg,2
1121,HIGH/aug19.jpg,2
1122,HIGH/aug2.jpg,2
1123,HIGH/aug20.jpg,2
1124,HIGH/aug21.jpg,2
1125,HIGH/aug22.jpg,2
1126,HIGH/aug23.jpg,2
1127,HIGH/aug24.jpg,2
1128,HIGH/aug25.jpg,2
1129,HIGH/aug26.jpg,2
1130,HIGH/aug27.jpg,2
1131,HIGH/aug28.jpg,2
1132,HIGH/aug29.jpg,2
1133,HIGH/aug3.jpg,2
1134,HIGH/aug30.jpg,2
1135,HIGH/aug31.jpg,2
1136,HIGH/aug32.jpg,2
1137,HIGH/aug33.jpg,2
1138,HIGH/aug34.jpg,2
1139,HIGH/aug35.jpg,2
1140,HIGH/aug36.jpg,2
1141,HIGH/aug37.jpg,2
1142,HIGH/aug38.jpg,2
1143,HIGH/aug39.jpg,2
1144,HIGH/aug4.jpg,2
1145,HIGH/aug40.jpg,2
1146,HIGH/aug41.jpg,2
1147,HIGH/aug42.jpg,2
1148,HIGH/aug43.jpg,2
1149,HIGH/aug44.jpg,2
1150,HIGH/aug45.jpg,2
1151,HIGH/aug46.jpg,2
1152,HIGH/aug47.jpg,2
1153,HIGH/aug48.jpg,2
1154,HIGH/aug49.jpg,2
1155,HIGH/aug5.jpg,2
1156,HIGH/aug50.jpg,2
1157,HIGH/aug51.jpg,2
1158,HIGH/aug52.jpg,2
1159,HIGH/aug53.jpg,2
1160,HIGH/aug54.jpg,2
1161,HIGH/aug55.jpg,2
1162,HIGH/aug56.jpg,2
1163,HIGH/aug57.jpg,2
1164,HIGH/aug58.jpg,2
1165,HIGH/aug59.jpg,2
1166,HIGH/aug6.jpg,2
1167,HIGH/aug60.jpg,2
1168,HIGH/aug61.jpg,2
1169,HIGH/aug62.jpg,2
1170,HIGH/aug63.jpg,2
1171,HIGH/aug64.jpg,2
1172,HIGH/aug65.jpg,2
1173,HIGH/aug66.jpg,2
1174,HIGH/aug67.jpg,2
1175,HIGH/aug68.jpg,2
1176,HIGH/aug69.jpg,2
1177,HIGH/aug7.jpg,2
1178,HIGH/aug70.jpg,2
1179,HIGH/aug71.jpg,2
1180,HIGH/aug72.jpg,2
1181,HIGH/aug73.jpg,2
1182,HIGH/aug74.jpg,2
1183,HIGH/aug75.jpg,2
1184,HIGH/aug76.jpg,2
1185,HIGH/aug77.jpg,2
1186,HIGH/aug78.jpg,2
1187,HIGH/aug79.jpg,2
1188,HIGH/aug8.jpg,2
1189,HIGH/aug80.jpg,2
1190,HIGH/aug81.jpg,2
1191,HIGH/aug82.jpg,2
1192,HIGH/aug83.jpg,2
1193,HIGH/aug9.jpg,2
1194,HIGH/IMG20220516233619.jpg,2
1195,HIGH/IMG20220516233652.jpg,2
1196,HIGH/IMG_20220518_155903.jpg,2
1197,HIGH/IMG_20220518_155910.jpg,2
1198,HIGH/IMG_20220528_171824.jpg,2
1199,HIGH/IMG_20220528_171918.jpg,2
1200,HIGH/IMG_20220702_113153.jpg,2
1201,HIGH/IMG_20220702_113205.jpg,2
1202,HIGH/IMG_20220930_174300 (1).jpg,2
1203,HIGH/IMG_20220930_174300.jpg,2
1204,HIGH/IMG_20230111_183757.jpg,2
1205,HIGH/IMG_20230111_183806.jpg,2
1206,HIGH/IMG_20230116_124345.jpg,2
1207,HIGH/IMG_20230116_124357 (1).jpg,2
1208,HIGH/IMG_20230116_124357.jpg,2
1209,HIGH/IMG_20230116_124420.jpg,2
1210,HIGH/IMG_20230116_124434.jpg,2
1211,HIGH/IMG_20230206_103352.jpg,2
1212,HIGH/IMG_20230206_103417.jpg,2
1213,HIGH/IMG_20230311_172610_1.jpg,2
1214,HIGH/IMG_20230311_172626.jpg,2
